Users,1,2,3,4,5,6,7,8,9,10,11,12,13,14,15,16,17,18,19,20,21,22,23,24,25,26,27,28,29,30,31,32,33,34,35,36,37,38,39,40,41,42,43,44,45,46,47,48,49,50,51,52,53,54,55,56,57,58,59,60,61,62,63,64,65,66,67,68,69,,,,,,,,,
Users 1,A1,A2,A2,A2,A1,A2,A2,A2,A2,A2,A1,A1,A1,A1,,,,,,,,,,,,,,,,,,,,,,,,,,,,,,,,,,,,,,,,,,,,,,,,,,,,,,,,,,,,,,,,
Users 2,A2,A2,A3,A2,A4,A5,A1,A2,A3,A1,A2,A2,A6,A7,A8,A9,A10,A11,A2,A1,A2,A2,A4,A2,A2,A2,,,,,,,,,,,,,,,,,,,,,,,,,,,,,,,,,,,,,,,,,,,,,,,,,,,,
Users 3,A2,A12,A2,A2,A2,A2,A2,A2,A4,A13,A4,A2,A2,A14,A4,A2,A2,A2,A2,A2,,,,,,,,,,,,,,,,,,,,,,,,,,,,,,,,,,,,,,,,,,,,,,,,,,,,,,,,,,
Users 4,A2,A2,A2,A2,A2,A2,A2,,,,,,,,,,,,,,,,,,,,,,,,,,,,,,,,,,,,,,,,,,,,,,,,,,,,,,,,,,,,,,,,,,,,,,,
Users 5,A15,A15,A15,A15,A4,A4,A16,A16,A17,A17,A16,A16,A18,A18,A2,A2,,,,,,,,,,,,,,,,,,,,,,,,,,,,,,,,,,,,,,,,,,,,,,,,,,,,,,,,,,,,,,
Users 6,A2,A2,,,,,,,,,,,,,,,,,,,,,,,,,,,,,,,,,,,,,,,,,,,,,,,,,,,,,,,,,,,,,,,,,,,,,,,,,,,,
Users 7,A2,A2,,,,,,,,,,,,,,,,,,,,,,,,,,,,,,,,,,,,,,,,,,,,,,,,,,,,,,,,,,,,,,,,,,,,,,,,,,,,
Users 8,A2,A2,,,,,,,,,,,,,,,,,,,,,,,,,,,,,,,,,,,,,,,,,,,,,,,,,,,,,,,,,,,,,,,,,,,,,,,,,,,,
Users 9,A2,A2,A2,A2,,,,,,,,,,,,,,,,,,,,,,,,,,,,,,,,,,,,,,,,,,,,,,,,,,,,,,,,,,,,,,,,,,,,,,,,,,
Users 10,A2,A2,,,,,,,,,,,,,,,,,,,,,,,,,,,,,,,,,,,,,,,,,,,,,,,,,,,,,,,,,,,,,,,,,,,,,,,,,,,,
Users 11,A2,A2,,,,,,,,,,,,,,,,,,,,,,,,,,,,,,,,,,,,,,,,,,,,,,,,,,,,,,,,,,,,,,,,,,,,,,,,,,,,
Users 12,A19,A20,A20,A21,A21,A22,A22,A23,A23,A24,A24,A25,A25,A24,A24,,,,,,,,,,,,,,,,,,,,,,,,,,,,,,,,,,,,,,,,,,,,,,,,,,,,,,,,,,,,,,,
Users 13,A18,A18,A2,A2,,,,,,,,,,,,,,,,,,,,,,,,,,,,,,,,,,,,,,,,,,,,,,,,,,,,,,,,,,,,,,,,,,,,,,,,,,
Users 14,A19,A19,A19,A19,A19,A19,A19,A19,A19,A19,A26,A19,A19,,,,,,,,,,,,,,,,,,,,,,,,,,,,,,,,,,,,,,,,,,,,,,,,,,,,,,,,,,,,,,,,,
Users 15,A27,A27,A28,A28,A3,A3,A4,A4,A4,A4,A2,A2,,,,,,,,,,,,,,,,,,,,,,,,,,,,,,,,,,,,,,,,,,,,,,,,,,,,,,,,,,,,,,,,,,
Users 16,A18,A18,A18,A18,A13,A13,A13,A13,A18,A18,A3,A3,A2,A2,A2,A2,A2,A2,A2,A2,A29,A29,A29,A29,A2,A2,A3,A3,A2,A2,A4,A4,A2,A2,A30,A30,A2,A2,A3,A3,A2,A2,A2,A2,,,,,,,,,,,,,,,,,,,,,,,,,,,,,,,,,,
Users 17,A2,A2,A2,A2,A3,A3,A3,A3,A2,A2,A2,A2,A4,A4,A16,A16,,,,,,,,,,,,,,,,,,,,,,,,,,,,,,,,,,,,,,,,,,,,,,,,,,,,,,,,,,,,,,
Users 18,A2,A2,A2,A2,A2,A2,A2,A2,A2,A2,A2,A2,A2,A2,A2,A2,A2,A2,,,,,,,,,,,,,,,,,,,,,,,,,,,,,,,,,,,,,,,,,,,,,,,,,,,,,,,,,,,,
Users 19,A2,A2,,,,,,,,,,,,,,,,,,,,,,,,,,,,,,,,,,,,,,,,,,,,,,,,,,,,,,,,,,,,,,,,,,,,,,,,,,,,
Users 20,A31,A31,A2,A2,,,,,,,,,,,,,,,,,,,,,,,,,,,,,,,,,,,,,,,,,,,,,,,,,,,,,,,,,,,,,,,,,,,,,,,,,,
Users 21,A28,A28,A2,A2,,,,,,,,,,,,,,,,,,,,,,,,,,,,,,,,,,,,,,,,,,,,,,,,,,,,,,,,,,,,,,,,,,,,,,,,,,
Users 22,A2,A2,,,,,,,,,,,,,,,,,,,,,,,,,,,,,,,,,,,,,,,,,,,,,,,,,,,,,,,,,,,,,,,,,,,,,,,,,,,,
Users 23,A2,A2,,,,,,,,,,,,,,,,,,,,,,,,,,,,,,,,,,,,,,,,,,,,,,,,,,,,,,,,,,,,,,,,,,,,,,,,,,,,
Users 24,A32,A32,A28,A28,A2,A2,,,,,,,,,,,,,,,,,,,,,,,,,,,,,,,,,,,,,,,,,,,,,,,,,,,,,,,,,,,,,,,,,,,,,,,,
Users 25,A33,A33,A5,A5,A14,A14,A14,A14,A3,A3,A3,A3,A2,A2,,,,,,,,,,,,,,,,,,,,,,,,,,,,,,,,,,,,,,,,,,,,,,,,,,,,,,,,,,,,,,,,
Users 26,A2,A2,,,,,,,,,,,,,,,,,,,,,,,,,,,,,,,,,,,,,,,,,,,,,,,,,,,,,,,,,,,,,,,,,,,,,,,,,,,,
Users 27,A2,A2,A28,A28,A2,A2,,,,,,,,,,,,,,,,,,,,,,,,,,,,,,,,,,,,,,,,,,,,,,,,,,,,,,,,,,,,,,,,,,,,,,,,
Users 28,A34,A34,A35,A35,A36,A36,A37,A37,A4,A4,A38,A38,A28,A28,A2,A2,,,,,,,,,,,,,,,,,,,,,,,,,,,,,,,,,,,,,,,,,,,,,,,,,,,,,,,,,,,,,,
Users 29,A2,A2,A3,A3,A2,A2,,,,,,,,,,,,,,,,,,,,,,,,,,,,,,,,,,,,,,,,,,,,,,,,,,,,,,,,,,,,,,,,,,,,,,,,
Users 30,A2,A2,A2,A2,A2,A2,A2,A2,A2,A2,A2,A2,A2,A2,,,,,,,,,,,,,,,,,,,,,,,,,,,,,,,,,,,,,,,,,,,,,,,,,,,,,,,,,,,,,,,,
Users 31,A2,A2,A3,A3,A2,A2,,,,,,,,,,,,,,,,,,,,,,,,,,,,,,,,,,,,,,,,,,,,,,,,,,,,,,,,,,,,,,,,,,,,,,,,
Users 32,A2,A2,A2,A2,A2,A2,A2,A2,A2,A2,A2,A2,A2,A2,,,,,,,,,,,,,,,,,,,,,,,,,,,,,,,,,,,,,,,,,,,,,,,,,,,,,,,,,,,,,,,,
Users 33,A2,A2,A3,A3,A2,A2,,,,,,,,,,,,,,,,,,,,,,,,,,,,,,,,,,,,,,,,,,,,,,,,,,,,,,,,,,,,,,,,,,,,,,,,
Users 34,A2,A2,,,,,,,,,,,,,,,,,,,,,,,,,,,,,,,,,,,,,,,,,,,,,,,,,,,,,,,,,,,,,,,,,,,,,,,,,,,,
Users 35,A2,A2,,,,,,,,,,,,,,,,,,,,,,,,,,,,,,,,,,,,,,,,,,,,,,,,,,,,,,,,,,,,,,,,,,,,,,,,,,,,
Users 36,A2,A2,A18,A18,A2,A2,,,,,,,,,,,,,,,,,,,,,,,,,,,,,,,,,,,,,,,,,,,,,,,,,,,,,,,,,,,,,,,,,,,,,,,,
Users 37,A2,A2,,,,,,,,,,,,,,,,,,,,,,,,,,,,,,,,,,,,,,,,,,,,,,,,,,,,,,,,,,,,,,,,,,,,,,,,,,,,
Users 38,A2,A2,A18,A18,A2,A2,,,,,,,,,,,,,,,,,,,,,,,,,,,,,,,,,,,,,,,,,,,,,,,,,,,,,,,,,,,,,,,,,,,,,,,,
Users 39,A2,A2,A27,A27,A3,A3,A2,A2,,,,,,,,,,,,,,,,,,,,,,,,,,,,,,,,,,,,,,,,,,,,,,,,,,,,,,,,,,,,,,,,,,,,,,
Users 40,A2,A2,,,,,,,,,,,,,,,,,,,,,,,,,,,,,,,,,,,,,,,,,,,,,,,,,,,,,,,,,,,,,,,,,,,,,,,,,,,,
Users 41,A2,A2,,,,,,,,,,,,,,,,,,,,,,,,,,,,,,,,,,,,,,,,,,,,,,,,,,,,,,,,,,,,,,,,,,,,,,,,,,,,
Users 42,A2,A2,,,,,,,,,,,,,,,,,,,,,,,,,,,,,,,,,,,,,,,,,,,,,,,,,,,,,,,,,,,,,,,,,,,,,,,,,,,,
Users 43,A19,A19,A19,A19,A19,A19,A26,A19,A19,,,,,,,,,,,,,,,,,,,,,,,,,,,,,,,,,,,,,,,,,,,,,,,,,,,,,,,,,,,,,,,,,,,,,
Users 44,A19,A19,A19,A19,A19,A19,,,,,,,,,,,,,,,,,,,,,,,,,,,,,,,,,,,,,,,,,,,,,,,,,,,,,,,,,,,,,,,,,,,,,,,,
Users 45,A28,A28,A2,A2,,,,,,,,,,,,,,,,,,,,,,,,,,,,,,,,,,,,,,,,,,,,,,,,,,,,,,,,,,,,,,,,,,,,,,,,,,
Users 46,A39,A39,A40,A40,A41,A41,A30,A30,A2,A2,,,,,,,,,,,,,,,,,,,,,,,,,,,,,,,,,,,,,,,,,,,,,,,,,,,,,,,,,,,,,,,,,,,,
Users 47,A2,A2,,,,,,,,,,,,,,,,,,,,,,,,,,,,,,,,,,,,,,,,,,,,,,,,,,,,,,,,,,,,,,,,,,,,,,,,,,,,
Users 48,A42,A43,,,,,,,,,,,,,,,,,,,,,,,,,,,,,,,,,,,,,,,,,,,,,,,,,,,,,,,,,,,,,,,,,,,,,,,,,,,,
Users 49,A19,A19,A19,A19,A19,A19,A19,A19,A19,A19,A19,A19,A19,A19,A19,A19,A19,A19,A19,A19,A19,A19,A19,A19,A19,A19,A19,A19,A19,A19,A19,A19,A19,A19,A19,A19,A19,A19,A19,A19,A19,A19,A19,A19,A19,A19,A19,A19,A19,A19,A19,A26,A19,A19,A26,A19,A19,A19,A19,A19,A19,A19,A19,A19,A19,A19,A19,A19,A19,,,,,,,,,
Users 50,A19,A19,A19,A19,A19,A19,A19,A19,A19,A19,,,,,,,,,,,,,,,,,,,,,,,,,,,,,,,,,,,,,,,,,,,,,,,,,,,,,,,,,,,,,,,,,,,,
Users 51,A19,A19,A19,A19,A19,A19,A19,A19,A19,A19,,,,,,,,,,,,,,,,,,,,,,,,,,,,,,,,,,,,,,,,,,,,,,,,,,,,,,,,,,,,,,,,,,,,
Users 52,A19,A19,A19,A19,A19,A19,A19,A19,A19,A19,A19,A19,A19,A19,A19,A19,A19,A19,A19,A19,A19,A19,A19,A19,A19,A19,A19,A19,A19,A19,A19,A19,A19,A19,A19,A19,A19,A19,A19,A19,A19,A19,A19,A19,A19,A19,A19,A19,A19,A19,A19,A26,A19,A19,A26,A19,A19,A19,A19,A19,A19,A19,A19,A19,A19,A19,A19,A19,A19,,,,,,,,,
Users 53,A19,A19,A19,A19,A19,A19,A19,A19,A19,A19,,,,,,,,,,,,,,,,,,,,,,,,,,,,,,,,,,,,,,,,,,,,,,,,,,,,,,,,,,,,,,,,,,,,
Users 54,A19,A19,A19,A19,A19,A19,A19,A19,A19,A19,,,,,,,,,,,,,,,,,,,,,,,,,,,,,,,,,,,,,,,,,,,,,,,,,,,,,,,,,,,,,,,,,,,,
Users 55,A3,A3,,,,,,,,,,,,,,,,,,,,,,,,,,,,,,,,,,,,,,,,,,,,,,,,,,,,,,,,,,,,,,,,,,,,,,,,,,,,
Users 56,A3,A3,A2,A2,A2,A2,A3,A3,A2,A2,,,,,,,,,,,,,,,,,,,,,,,,,,,,,,,,,,,,,,,,,,,,,,,,,,,,,,,,,,,,,,,,,,,,
Users 57,A2,A2,A2,A2,,,,,,,,,,,,,,,,,,,,,,,,,,,,,,,,,,,,,,,,,,,,,,,,,,,,,,,,,,,,,,,,,,,,,,,,,,
Users 58,A44,A44,A44,A44,A4,A4,A2,A2,A28,A28,A45,A45,A4,A4,A28,A28,A2,A2,,,,,,,,,,,,,,,,,,,,,,,,,,,,,,,,,,,,,,,,,,,,,,,,,,,,,,,,,,,,
,,,,,,,,,,,,,,,,,,,,,,,,,,,,,,,,,,,,,,,,,,,,,,,,,,,,,,,,,,,,,,,,,,,,,,,,,,,,,,
